country,country_code,discipline
Serbia,SRB,3x3 Basketball
Poland,POL,3x3 Basketball
Latvia,LAT,3x3 Basketball
Netherlands,NED,3x3 Basketball
People's Republic of China,CHN,3x3 Basketball
France,FRA,3x3 Basketball
Belgium,BEL,3x3 Basketball
Romania,ROU,3x3 Basketball
ROC,ROC,3x3 Basketball
United States of America,USA,3x3 Basketball
Italy,ITA,3x3 Basketball
Japan,JPN,3x3 Basketball
Mongolia,MGL,3x3 Basketball
Sweden,SWE,Archery
Indonesia,INA,Archery
Vietnam,VIE,Archery
Colombia,COL,Archery
Estonia,EST,Archery
Czech Republic,CZE,Archery
Chad,CHA,Archery
Republic of Korea,KOR,Archery
Republic of Moldova,MDA,Archery
"Virgin Islands, US",ISV,Archery
Luxembourg,LUX,Archery
Chinese Taipei,TPE,Archery
Italy,ITA,Archery
Romania,ROU,Archery
Greece,GRE,Archery
Belgium,BEL,Archery
India,IND,Archery
ROC,ROC,Archery
Japan,JPN,Archery
Mongolia,MGL,Archery
Slovenia,SLO,Archery
Bhutan,BHU,Archery
Chile,CHI,Archery
Mexico,MEX,Archery
People's Republic of China,CHN,Archery
Germany,GER,Archery
Hungary,HUN,Archery
Netherlands,NED,Archery
United States of America,USA,Archery
Turkey,TUR,Archery
Malaysia,MAS,Archery
Tunisia,TUN,Archery
Bangladesh,BAN,Archery
Denmark,DEN,Archery
Finland,FIN,Archery
Poland,POL,Archery
Islamic Republic of Iran,IRI,Archery
Slovakia,SVK,Archery
Israel,ISR,Archery
Kazakhstan,KAZ,Archery
Brazil,BRA,Archery
Spain,ESP,Archery
Egypt,EGY,Archery
Canada,CAN,Archery
Great Britain,GBR,Archery
Ecuador,ECU,Archery
Australia,AUS,Archery
Ukraine,UKR,Archery
Belarus,BLR,Archery
France,FRA,Archery
Malawi,MAW,Archery
Mexico,MEX,Artistic Gymnastics
Cayman Islands,CAY,Artistic Gymnastics
South Africa,RSA,Artistic Gymnastics
Italy,ITA,Artistic Gymnastics
Cyprus,CYP,Artistic Gymnastics
Albania,ALB,Artistic Gymnastics
Switzerland,SUI,Artistic Gymnastics
Egypt,EGY,Artistic Gymnastics
Slovakia,SVK,Artistic Gymnastics
People's Republic of China,CHN,Artistic Gymnastics
Norway,NOR,Artistic Gymnastics
Ireland,IRL,Artistic Gymnastics
Sri Lanka,SRI,Artistic Gymnastics
Portugal,POR,Artistic Gymnastics
India,IND,Artistic Gymnastics
Nigeria,NGR,Artistic Gymnastics
Azerbaijan,AZE,Artistic Gymnastics
Costa Rica,CRC,Artistic Gymnastics
Peru,PER,Artistic Gymnastics
Romania,ROU,Artistic Gymnastics
Jamaica,JAM,Artistic Gymnastics
Israel,ISR,Artistic Gymnastics
Great Britain,GBR,Artistic Gymnastics
Greece,GRE,Artistic Gymnastics
Sweden,SWE,Artistic Gymnastics
Argentina,ARG,Artistic Gymnastics
Vietnam,VIE,Artistic Gymnastics
Netherlands,NED,Artistic Gymnastics
Croatia,CRO,Artistic Gymnastics
France,FRA,Artistic Gymnastics
Armenia,ARM,Artistic Gymnastics
Poland,POL,Artistic Gymnastics
Belgium,BEL,Artistic Gymnastics
Chile,CHI,Artistic Gymnastics
United States of America,USA,Artistic Gymnastics
Singapore,SGP,Artistic Gymnastics
Cuba,CUB,Artistic Gymnastics
Austria,AUT,Artistic Gymnastics
Chinese Taipei,TPE,Artistic Gymnastics
Malaysia,MAS,Artistic Gymnastics
Bulgaria,BUL,Artistic Gymnastics
Australia,AUS,Artistic Gymnastics
Japan,JPN,Artistic Gymnastics
Canada,CAN,Artistic Gymnastics
"Hong Kong, China",HKG,Artistic Gymnastics
Germany,GER,Artistic Gymnastics
Brazil,BRA,Artistic Gymnastics
Czech Republic,CZE,Artistic Gymnastics
New Zealand,NZL,Artistic Gymnastics
Republic of Korea,KOR,Artistic Gymnastics
Kazakhstan,KAZ,Artistic Gymnastics
Hungary,HUN,Artistic Gymnastics
Ukraine,UKR,Artistic Gymnastics
Turkey,TUR,Artistic Gymnastics
Uzbekistan,UZB,Artistic Gymnastics
Spain,ESP,Artistic Gymnastics
Lithuania,LTU,Artistic Gymnastics
ROC,ROC,Artistic Gymnastics
Belarus,BLR,Artistic Gymnastics
Philippines,PHI,Artistic Gymnastics
Ukraine,UKR,Artistic Swimming
Italy,ITA,Artistic Swimming
Kazakhstan,KAZ,Artistic Swimming
France,FRA,Artistic Swimming
South Africa,RSA,Artistic Swimming
Israel,ISR,Artistic Swimming
United States of America,USA,Artistic Swimming
Belarus,BLR,Artistic Swimming
Japan,JPN,Artistic Swimming
Greece,GRE,Artistic Swimming
Canada,CAN,Artistic Swimming
Colombia,COL,Artistic Swimming
Spain,ESP,Artistic Swimming
Mexico,MEX,Artistic Swimming
Netherlands,NED,Artistic Swimming
People's Republic of China,CHN,Artistic Swimming
Australia,AUS,Artistic Swimming
Liechtenstein,LIE,Artistic Swimming
Egypt,EGY,Artistic Swimming
ROC,ROC,Artistic Swimming
Great Britain,GBR,Artistic Swimming
Austria,AUT,Artistic Swimming
Zimbabwe,ZIM,Athletics
Liberia,LBR,Athletics
Solomon Islands,SOL,Athletics
Brunei Darussalam,BRU,Athletics
Morocco,MAR,Athletics
Senegal,SEN,Athletics
Tonga,TGA,Athletics
Angola,ANG,Athletics
Cuba,CUB,Athletics
Islamic Republic of Iran,IRI,Athletics
Finland,FIN,Athletics
Federated States of Micronesia,FSM,Athletics
Central African Republic,CAF,Athletics
"Virgin Islands, British",IVB,Athletics
Uruguay,URU,Athletics
Namibia,NAM,Athletics
Eswatini,SWZ,Athletics
Panama,PAN,Athletics
St Vincent and the Grenadines,VIN,Athletics
Palau,PLW,Athletics
Turkmenistan,TKM,Athletics
Argentina,ARG,Athletics
Kuwait,KUW,Athletics
People's Republic of China,CHN,Athletics
Cayman Islands,CAY,Athletics
Belarus,BLR,Athletics
Haiti,HAI,Athletics
Spain,ESP,Athletics
Grenada,GRN,Athletics
South Sudan,SSD,Athletics
Tuvalu,TUV,Athletics
Ecuador,ECU,Athletics
Tunisia,TUN,Athletics
Chile,CHI,Athletics
Botswana,BOT,Athletics
Brazil,BRA,Athletics
Paraguay,PAR,Athletics
Malaysia,MAS,Athletics
United Republic of Tanzania,TAN,Athletics
Cape Verde,CPV,Athletics
Albania,ALB,Athletics
Sudan,SUD,Athletics
Greece,GRE,Athletics
Mauritius,MRI,Athletics
Syrian Arab Republic,SYR,Athletics
Dominique,DMA,Athletics
Peru,PER,Athletics
Lithuania,LTU,Athletics
Bahamas,BAH,Athletics
Antigua and Barbuda,ANT,Athletics
Norway,NOR,Athletics
LBN,LBN,Athletics
Great Britain,GBR,Athletics
Serbia,SRB,Athletics
Seychelles,SEY,Athletics
Burkina Faso,BUR,Athletics
India,IND,Athletics
Chad,CHA,Athletics
Iceland,ISL,Athletics
Kyrgyzstan,KGZ,Athletics
Gabon,GAB,Athletics
Ghana,GHA,Athletics
Lesotho,LES,Athletics
Puerto Rico,PUR,Athletics
Montenegro,MNE,Athletics
Mozambique,MOZ,Athletics
Papua New Guinea,PNG,Athletics
Somalia,SOM,Athletics
Uzbekistan,UZB,Athletics
Azerbaijan,AZE,Athletics
"Virgin Islands, US",ISV,Athletics
Cyprus,CYP,Athletics
Nauru,NRU,Athletics
France,FRA,Athletics
Rwanda,RWA,Athletics
Slovakia,SVK,Athletics
Kosovo,KOS,Athletics
Philippines,PHI,Athletics
Sweden,SWE,Athletics
Republic of Korea,KOR,Athletics
Sierra Leone,SLE,Athletics
Jamaica,JAM,Athletics
Chinese Taipei,TPE,Athletics
Fiji,FIJ,Athletics
North Macedonia,MKD,Athletics
Saint Lucia,LCA,Athletics
EOR,EOR,Athletics
Malawi,MAW,Athletics
Republic of Moldova,MDA,Athletics
Poland,POL,Athletics
Australia,AUS,Athletics
Kenya,KEN,Athletics
New Zealand,NZL,Athletics
Saint Kitts and Nevis,SKN,Athletics
Uganda,UGA,Athletics
Luxembourg,LUX,Athletics
Malta,MLT,Athletics
Dominican Republic,DOM,Athletics
El Salvador,ESA,Athletics
Guinea,GUI,Athletics
Niger,NIG,Athletics
American Samoa,ASA,Athletics
Portugal,POR,Athletics
Venezuela,VEN,Athletics
Monaco,MON,Athletics
Maldives,MDV,Athletics
Netherlands,NED,Athletics
Algeria,ALG,Athletics
Nigeria,NGR,Athletics
Germany,GER,Athletics
Sao Tome and Principe,STP,Athletics
Indonesia,INA,Athletics
Honduras,HON,Athletics
Iraq,IRQ,Athletics
Jordan,JOR,Athletics
Qatar,QAT,Athletics
Denmark,DEN,Athletics
Latvia,LAT,Athletics
Egypt,EGY,Athletics
Italy,ITA,Athletics
Belgium,BEL,Athletics
United States of America,USA,Athletics
Guinea-Bissau,GBS,Athletics
Romania,ROU,Athletics
Bolivia,BOL,Athletics
Japan,JPN,Athletics
Ethiopia,ETH,Athletics
Guam,GUM,Athletics
Croatia,CRO,Athletics
Slovenia,SLO,Athletics
Czech Republic,CZE,Athletics
Mauritania,MTN,Athletics
Mexico,MEX,Athletics
Libya,LBA,Athletics
"Hong Kong, China",HKG,Athletics
Switzerland,SUI,Athletics
Nepal,NEP,Athletics
Guyana,GUY,Athletics
Georgia,GEO,Athletics
Togo,TOG,Athletics
Austria,AUT,Athletics
Congo,CGO,Athletics
Barbados,BAR,Athletics
Singapore,SGP,Athletics
Samoa (until 1996 Western Samoa),SAM,Athletics
Yemen,YEM,Athletics
Saudi Arabia,KSA,Athletics
Hungary,HUN,Athletics
Israel,ISR,Athletics
Guatemala,GUA,Athletics
Burundi,BDI,Athletics
Costa Rica,CRC,Athletics
Afghanistan,AFG,Athletics
Kazakhstan,KAZ,Athletics
Zambia,ZAM,Athletics
Ireland,IRL,Athletics
Oman,OMA,Athletics
Palestine,PLE,Athletics
United Arab Emirates,UAE,Athletics
Pakistan,PAK,Athletics
Djibouti,DJI,Athletics
Ukraine,UKR,Athletics
Democratic Republic of the Congo,COD,Athletics
Equatorial Guinea,GEQ,Athletics
Kiribati,KIR,Athletics
Sri Lanka,SRI,Athletics
Andorra,AND,Athletics
Estonia,EST,Athletics
South Africa,RSA,Athletics
Cameroon,CMR,Athletics
Bahrain,BRN,Athletics
Comoros,COM,Athletics
Belize,BIZ,Athletics
Cambodia,CAM,Athletics
Côte d'Ivoire,CIV,Athletics
Armenia,ARM,Athletics
Nicaragua,NCA,Athletics
Turkey,TUR,Athletics
Eritrea,ERI,Athletics
Mali,MLI,Athletics
Colombia,COL,Athletics
Cook Islands,COK,Athletics
Bangladesh,BAN,Athletics
Canada,CAN,Athletics
Timor-Leste,TLS,Athletics
Benin,BEN,Athletics
Bosnia and Herzegovina,BIH,Athletics
Trinidad and Tobago,TTO,Athletics
Madagascar,MAD,Athletics
Thailand,THA,Athletics
Mongolia,MGL,Athletics
Lao People's Democratic Republic,LAO,Athletics
ROC,ROC,Athletics
Bulgaria,BUL,Athletics
Tajikistan,TJK,Athletics
Vietnam,VIE,Athletics
Gambia,GAM,Athletics
People's Republic of China,CHN,Badminton
"Hong Kong, China",HKG,Badminton
United States of America,USA,Badminton
Sweden,SWE,Badminton
Great Britain,GBR,Badminton
Netherlands,NED,Badminton
Chinese Taipei,TPE,Badminton
Japan,JPN,Badminton
Mexico,MEX,Badminton
India,IND,Badminton
France,FRA,Badminton
Canada,CAN,Badminton
Egypt,EGY,Badminton
Germany,GER,Badminton
Azerbaijan,AZE,Badminton
Malaysia,MAS,Badminton
Brazil,BRA,Badminton
Guatemala,GUA,Badminton
Australia,AUS,Badminton
Thailand,THA,Badminton
Nigeria,NGR,Badminton
Slovakia,SVK,Badminton
Ireland,IRL,Badminton
Estonia,EST,Badminton
Turkey,TUR,Badminton
Vietnam,VIE,Badminton
Indonesia,INA,Badminton
Malta,MLT,Badminton
Spain,ESP,Badminton
Peru,PER,Badminton
Suriname,SUR,Badminton
Bulgaria,BUL,Badminton
Hungary,HUN,Badminton
Austria,AUT,Badminton
Belgium,BEL,Badminton
Israel,ISR,Badminton
Ukraine,UKR,Badminton
Republic of Korea,KOR,Badminton
Myanmar,MYA,Badminton
Finland,FIN,Badminton
EOR,EOR,Badminton
Singapore,SGP,Badminton
Mauritius,MRI,Badminton
Maldives,MDV,Badminton
Pakistan,PAK,Badminton
ROC,ROC,Badminton
Denmark,DEN,Badminton
Sri Lanka,SRI,Badminton
Switzerland,SUI,Badminton
Islamic Republic of Iran,IRI,Badminton
Mexico,MEX,Baseball/Softball
Canada,CAN,Baseball/Softball
Japan,JPN,Baseball/Softball
United States of America,USA,Baseball/Softball
Italy,ITA,Baseball/Softball
Republic of Korea,KOR,Baseball/Softball
Dominican Republic,DOM,Baseball/Softball
Australia,AUS,Baseball/Softball
Israel,ISR,Baseball/Softball
Japan,JPN,Basketball
France,FRA,Basketball
Serbia,SRB,Basketball
Republic of Korea,KOR,Basketball
Belgium,BEL,Basketball
People's Republic of China,CHN,Basketball
Puerto Rico,PUR,Basketball
Argentina,ARG,Basketball
Nigeria,NGR,Basketball
Spain,ESP,Basketball
Italy,ITA,Basketball
Canada,CAN,Basketball
Germany,GER,Basketball
United States of America,USA,Basketball
Islamic Republic of Iran,IRI,Basketball
Slovenia,SLO,Basketball
Czech Republic,CZE,Basketball
Australia,AUS,Basketball
Italy,ITA,Beach Volleyball
Germany,GER,Beach Volleyball
People's Republic of China,CHN,Beach Volleyball
Norway,NOR,Beach Volleyball
Argentina,ARG,Beach Volleyball
Canada,CAN,Beach Volleyball
Cuba,CUB,Beach Volleyball
Spain,ESP,Beach Volleyball
Mexico,MEX,Beach Volleyball
Morocco,MAR,Beach Volleyball
Latvia,LAT,Beach Volleyball
Brazil,BRA,Beach Volleyball
Kenya,KEN,Beach Volleyball
Poland,POL,Beach Volleyball
Netherlands,NED,Beach Volleyball
Switzerland,SUI,Beach Volleyball
United States of America,USA,Beach Volleyball
ROC,ROC,Beach Volleyball
Australia,AUS,Beach Volleyball
Chile,CHI,Beach Volleyball
Japan,JPN,Beach Volleyball
Qatar,QAT,Beach Volleyball
Czech Republic,CZE,Beach Volleyball
Algeria,ALG,Boxing
Somalia,SOM,Boxing
Jordan,JOR,Boxing
Egypt,EGY,Boxing
Puerto Rico,PUR,Boxing
Papua New Guinea,PNG,Boxing
France,FRA,Boxing
Mauritius,MRI,Boxing
Spain,ESP,Boxing
Islamic Republic of Iran,IRI,Boxing
Slovakia,SVK,Boxing
Mexico,MEX,Boxing
Kosovo,KOS,Boxing
EOR,EOR,Boxing
Guyana,GUY,Boxing
Ghana,GHA,Boxing
Antigua and Barbuda,ANT,Boxing
Zambia,ZAM,Boxing
Eswatini,SWZ,Boxing
El Salvador,ESA,Boxing
Georgia,GEO,Boxing
Poland,POL,Boxing
People's Republic of China,CHN,Boxing
Kenya,KEN,Boxing
Italy,ITA,Boxing
Finland,FIN,Boxing
Chinese Taipei,TPE,Boxing
New Zealand,NZL,Boxing
Azerbaijan,AZE,Boxing
Trinidad and Tobago,TTO,Boxing
Serbia,SRB,Boxing
United States of America,USA,Boxing
Vietnam,VIE,Boxing
Samoa (until 1996 Western Samoa),SAM,Boxing
Dominican Republic,DOM,Boxing
Tajikistan,TJK,Boxing
Uzbekistan,UZB,Boxing
Sweden,SWE,Boxing
Brazil,BRA,Boxing
Cameroon,CMR,Boxing
Germany,GER,Boxing
Bahrain,BRN,Boxing
Croatia,CRO,Boxing
Mongolia,MGL,Boxing
Panama,PAN,Boxing
India,IND,Boxing
Uganda,UGA,Boxing
Ukraine,UKR,Boxing
Namibia,NAM,Boxing
Hungary,HUN,Boxing
Thailand,THA,Boxing
Colombia,COL,Boxing
Ecuador,ECU,Boxing
Romania,ROU,Boxing
Morocco,MAR,Boxing
ROC,ROC,Boxing
Canada,CAN,Boxing
Tunisia,TUN,Boxing
Bulgaria,BUL,Boxing
Belarus,BLR,Boxing
Jamaica,JAM,Boxing
Great Britain,GBR,Boxing
Botswana,BOT,Boxing
Burundi,BDI,Boxing
Mozambique,MOZ,Boxing
Peru,PER,Boxing
Argentina,ARG,Boxing
Kazakhstan,KAZ,Boxing
Cuba,CUB,Boxing
Democratic Republic of the Congo,COD,Boxing
Armenia,ARM,Boxing
Turkey,TUR,Boxing
Haiti,HAI,Boxing
Ireland,IRL,Boxing
Cape Verde,CPV,Boxing
Netherlands,NED,Boxing
Philippines,PHI,Boxing
Venezuela,VEN,Boxing
Republic of Korea,KOR,Boxing
Australia,AUS,Boxing
Japan,JPN,Boxing
Kazakhstan,KAZ,Canoe Slalom
Japan,JPN,Canoe Slalom
Croatia,CRO,Canoe Slalom
Senegal,SEN,Canoe Slalom
Argentina,ARG,Canoe Slalom
Australia,AUS,Canoe Slalom
Slovakia,SVK,Canoe Slalom
Ukraine,UKR,Canoe Slalom
Germany,GER,Canoe Slalom
Czech Republic,CZE,Canoe Slalom
People's Republic of China,CHN,Canoe Slalom
Canada,CAN,Canoe Slalom
Belgium,BEL,Canoe Slalom
Slovenia,SLO,Canoe Slalom
Mexico,MEX,Canoe Slalom
Switzerland,SUI,Canoe Slalom
France,FRA,Canoe Slalom
Spain,ESP,Canoe Slalom
Netherlands,NED,Canoe Slalom
Chinese Taipei,TPE,Canoe Slalom
United States of America,USA,Canoe Slalom
Italy,ITA,Canoe Slalom
Morocco,MAR,Canoe Slalom
Portugal,POR,Canoe Slalom
Austria,AUT,Canoe Slalom
Cook Islands,COK,Canoe Slalom
Ireland,IRL,Canoe Slalom
Poland,POL,Canoe Slalom
Great Britain,GBR,Canoe Slalom
Andorra,AND,Canoe Slalom
New Zealand,NZL,Canoe Slalom
ROC,ROC,Canoe Slalom
Sweden,SWE,Canoe Slalom
Brazil,BRA,Canoe Slalom
Australia,AUS,Canoe Sprint
Romania,ROU,Canoe Sprint
Hungary,HUN,Canoe Sprint
Belize,BIZ,Canoe Sprint
Kazakhstan,KAZ,Canoe Sprint
Spain,ESP,Canoe Sprint
Republic of Korea,KOR,Canoe Sprint
Cuba,CUB,Canoe Sprint
Germany,GER,Canoe Sprint
Islamic Republic of Iran,IRI,Canoe Sprint
Nigeria,NGR,Canoe Sprint
Belgium,BEL,Canoe Sprint
Sao Tome and Principe,STP,Canoe Sprint
Republic of Moldova,MDA,Canoe Sprint
Argentina,ARG,Canoe Sprint
Tunisia,TUN,Canoe Sprint
Sweden,SWE,Canoe Sprint
Algeria,ALG,Canoe Sprint
Austria,AUT,Canoe Sprint
Serbia,SRB,Canoe Sprint
Poland,POL,Canoe Sprint
Mozambique,MOZ,Canoe Sprint
Denmark,DEN,Canoe Sprint
Norway,NOR,Canoe Sprint
Japan,JPN,Canoe Sprint
Portugal,POR,Canoe Sprint
Brazil,BRA,Canoe Sprint
Samoa (until 1996 Western Samoa),SAM,Canoe Sprint
Chile,CHI,Canoe Sprint
Lithuania,LTU,Canoe Sprint
Ukraine,UKR,Canoe Sprint
EOR,EOR,Canoe Sprint
Slovakia,SVK,Canoe Sprint
Slovenia,SLO,Canoe Sprint
Great Britain,GBR,Canoe Sprint
France,FRA,Canoe Sprint
Thailand,THA,Canoe Sprint
Italy,ITA,Canoe Sprint
Egypt,EGY,Canoe Sprint
Uzbekistan,UZB,Canoe Sprint
United States of America,USA,Canoe Sprint
New Zealand,NZL,Canoe Sprint
Bulgaria,BUL,Canoe Sprint
Czech Republic,CZE,Canoe Sprint
ROC,ROC,Canoe Sprint
Cook Islands,COK,Canoe Sprint
Canada,CAN,Canoe Sprint
Latvia,LAT,Canoe Sprint
Croatia,CRO,Canoe Sprint
Belarus,BLR,Canoe Sprint
People's Republic of China,CHN,Canoe Sprint
Great Britain,GBR,Cycling BMX Freestyle
Costa Rica,CRC,Cycling BMX Freestyle
Australia,AUS,Cycling BMX Freestyle
Venezuela,VEN,Cycling BMX Freestyle
Japan,JPN,Cycling BMX Freestyle
ROC,ROC,Cycling BMX Freestyle
Chile,CHI,Cycling BMX Freestyle
United States of America,USA,Cycling BMX Freestyle
Germany,GER,Cycling BMX Freestyle
France,FRA,Cycling BMX Freestyle
Switzerland,SUI,Cycling BMX Freestyle
Argentina,ARG,Cycling BMX Racing
Colombia,COL,Cycling BMX Racing
Belgium,BEL,Cycling BMX Racing
Australia,AUS,Cycling BMX Racing
New Zealand,NZL,Cycling BMX Racing
Latvia,LAT,Cycling BMX Racing
Norway,NOR,Cycling BMX Racing
Netherlands,NED,Cycling BMX Racing
Ecuador,ECU,Cycling BMX Racing
United States of America,USA,Cycling BMX Racing
Canada,CAN,Cycling BMX Racing
Denmark,DEN,Cycling BMX Racing
ROC,ROC,Cycling BMX Racing
Switzerland,SUI,Cycling BMX Racing
Brazil,BRA,Cycling BMX Racing
Japan,JPN,Cycling BMX Racing
Thailand,THA,Cycling BMX Racing
Great Britain,GBR,Cycling BMX Racing
South Africa,RSA,Cycling BMX Racing
France,FRA,Cycling BMX Racing
Czech Republic,CZE,Cycling Mountain Bike
Belgium,BEL,Cycling Mountain Bike
Switzerland,SUI,Cycling Mountain Bike
Greece,GRE,Cycling Mountain Bike
Australia,AUS,Cycling Mountain Bike
Mexico,MEX,Cycling Mountain Bike
France,FRA,Cycling Mountain Bike
Germany,GER,Cycling Mountain Bike
Norway,NOR,Cycling Mountain Bike
Argentina,ARG,Cycling Mountain Bike
Denmark,DEN,Cycling Mountain Bike
Italy,ITA,Cycling Mountain Bike
South Africa,RSA,Cycling Mountain Bike
Slovenia,SLO,Cycling Mountain Bike
Chile,CHI,Cycling Mountain Bike
Poland,POL,Cycling Mountain Bike
Austria,AUT,Cycling Mountain Bike
Brazil,BRA,Cycling Mountain Bike
Estonia,EST,Cycling Mountain Bike
ROC,ROC,Cycling Mountain Bike
Namibia,NAM,Cycling Mountain Bike
Israel,ISR,Cycling Mountain Bike
People's Republic of China,CHN,Cycling Mountain Bike
Japan,JPN,Cycling Mountain Bike
Canada,CAN,Cycling Mountain Bike
Hungary,HUN,Cycling Mountain Bike
Netherlands,NED,Cycling Mountain Bike
Sweden,SWE,Cycling Mountain Bike
Romania,ROU,Cycling Mountain Bike
Ukraine,UKR,Cycling Mountain Bike
United States of America,USA,Cycling Mountain Bike
Great Britain,GBR,Cycling Mountain Bike
Portugal,POR,Cycling Mountain Bike
New Zealand,NZL,Cycling Mountain Bike
Spain,ESP,Cycling Mountain Bike
Burkina Faso,BUR,Cycling Road
Slovakia,SVK,Cycling Road
Slovenia,SLO,Cycling Road
Kazakhstan,KAZ,Cycling Road
Cuba,CUB,Cycling Road
Guatemala,GUA,Cycling Road
Ukraine,UKR,Cycling Road
Rwanda,RWA,Cycling Road
Austria,AUT,Cycling Road
"Hong Kong, China",HKG,Cycling Road
Croatia,CRO,Cycling Road
Australia,AUS,Cycling Road
Israel,ISR,Cycling Road
Uzbekistan,UZB,Cycling Road
Switzerland,SUI,Cycling Road
United States of America,USA,Cycling Road
Estonia,EST,Cycling Road
Panama,PAN,Cycling Road
Islamic Republic of Iran,IRI,Cycling Road
Czech Republic,CZE,Cycling Road
Romania,ROU,Cycling Road
Algeria,ALG,Cycling Road
South Africa,RSA,Cycling Road
Paraguay,PAR,Cycling Road
Peru,PER,Cycling Road
Morocco,MAR,Cycling Road
France,FRA,Cycling Road
Chinese Taipei,TPE,Cycling Road
Ecuador,ECU,Cycling Road
Greece,GRE,Cycling Road
Latvia,LAT,Cycling Road
Trinidad and Tobago,TTO,Cycling Road
Ireland,IRL,Cycling Road
Hungary,HUN,Cycling Road
Chile,CHI,Cycling Road
Netherlands,NED,Cycling Road
Thailand,THA,Cycling Road
Spain,ESP,Cycling Road
Mexico,MEX,Cycling Road
Colombia,COL,Cycling Road
Great Britain,GBR,Cycling Road
People's Republic of China,CHN,Cycling Road
Eritrea,ERI,Cycling Road
Lithuania,LTU,Cycling Road
Luxembourg,LUX,Cycling Road
Republic of Korea,KOR,Cycling Road
Namibia,NAM,Cycling Road
ROC,ROC,Cycling Road
Argentina,ARG,Cycling Road
Norway,NOR,Cycling Road
Canada,CAN,Cycling Road
Italy,ITA,Cycling Road
Azerbaijan,AZE,Cycling Road
Poland,POL,Cycling Road
EOR,EOR,Cycling Road
Costa Rica,CRC,Cycling Road
Venezuela,VEN,Cycling Road
Portugal,POR,Cycling Road
Ethiopia,ETH,Cycling Road
Germany,GER,Cycling Road
Belarus,BLR,Cycling Road
New Zealand,NZL,Cycling Road
Japan,JPN,Cycling Road
Turkey,TUR,Cycling Road
Denmark,DEN,Cycling Road
Belgium,BEL,Cycling Road
Italy,ITA,Cycling Track
Norway,NOR,Cycling Track
Czech Republic,CZE,Cycling Track
Belgium,BEL,Cycling Track
Switzerland,SUI,Cycling Track
Japan,JPN,Cycling Track
Denmark,DEN,Cycling Track
United States of America,USA,Cycling Track
Malaysia,MAS,Cycling Track
ROC,ROC,Cycling Track
Suriname,SUR,Cycling Track
Colombia,COL,Cycling Track
Spain,ESP,Cycling Track
Lithuania,LTU,Cycling Track
South Africa,RSA,Cycling Track
Belarus,BLR,Cycling Track
Canada,CAN,Cycling Track
Austria,AUT,Cycling Track
Ireland,IRL,Cycling Track
New Zealand,NZL,Cycling Track
Germany,GER,Cycling Track
Ukraine,UKR,Cycling Track
Mexico,MEX,Cycling Track
People's Republic of China,CHN,Cycling Track
Portugal,POR,Cycling Track
Poland,POL,Cycling Track
Great Britain,GBR,Cycling Track
France,FRA,Cycling Track
"Hong Kong, China",HKG,Cycling Track
Kazakhstan,KAZ,Cycling Track
Netherlands,NED,Cycling Track
Australia,AUS,Cycling Track
Republic of Korea,KOR,Cycling Track
Egypt,EGY,Cycling Track
Trinidad and Tobago,TTO,Cycling Track
Malaysia,MAS,Diving
Japan,JPN,Diving
Spain,ESP,Diving
Ukraine,UKR,Diving
Republic of Korea,KOR,Diving
Norway,NOR,Diving
Venezuela,VEN,Diving
People's Republic of China,CHN,Diving
United States of America,USA,Diving
New Zealand,NZL,Diving
Egypt,EGY,Diving
Jamaica,JAM,Diving
Germany,GER,Diving
Mexico,MEX,Diving
Puerto Rico,PUR,Diving
ROC,ROC,Diving
Great Britain,GBR,Diving
France,FRA,Diving
Singapore,SGP,Diving
Colombia,COL,Diving
Sweden,SWE,Diving
Australia,AUS,Diving
Switzerland,SUI,Diving
Ireland,IRL,Diving
Netherlands,NED,Diving
Italy,ITA,Diving
Dominican Republic,DOM,Diving
Brazil,BRA,Diving
Canada,CAN,Diving
South Africa,RSA,Diving
Spain,ESP,Equestrian
Puerto Rico,PUR,Equestrian
Jordan,JOR,Equestrian
Canada,CAN,Equestrian
Great Britain,GBR,Equestrian
Republic of Korea,KOR,Equestrian
Chinese Taipei,TPE,Equestrian
Sri Lanka,SRI,Equestrian
Sweden,SWE,Equestrian
Colombia,COL,Equestrian
Norway,NOR,Equestrian
Singapore,SGP,Equestrian
Czech Republic,CZE,Equestrian
Finland,FIN,Equestrian
Latvia,LAT,Equestrian
Mexico,MEX,Equestrian
Egypt,EGY,Equestrian
Netherlands,NED,Equestrian
Syrian Arab Republic,SYR,Equestrian
Thailand,THA,Equestrian
India,IND,Equestrian
Dominican Republic,DOM,Equestrian
Estonia,EST,Equestrian
South Africa,RSA,Equestrian
Brazil,BRA,Equestrian
Belarus,BLR,Equestrian
France,FRA,Equestrian
Italy,ITA,Equestrian
Ukraine,UKR,Equestrian
United States of America,USA,Equestrian
Luxembourg,LUX,Equestrian
Portugal,POR,Equestrian
Argentina,ARG,Equestrian
Israel,ISR,Equestrian
Japan,JPN,Equestrian
People's Republic of China,CHN,Equestrian
Ecuador,ECU,Equestrian
Germany,GER,Equestrian
Morocco,MAR,Equestrian
Australia,AUS,Equestrian
Switzerland,SUI,Equestrian
Ireland,IRL,Equestrian
"Hong Kong, China",HKG,Equestrian
Denmark,DEN,Equestrian
New Zealand,NZL,Equestrian
Poland,POL,Equestrian
ROC,ROC,Equestrian
Austria,AUT,Equestrian
Belgium,BEL,Equestrian
Chile,CHI,Equestrian
Ukraine,UKR,Fencing
Estonia,EST,Fencing
Tunisia,TUN,Fencing
Georgia,GEO,Fencing
Poland,POL,Fencing
Switzerland,SUI,Fencing
Hungary,HUN,Fencing
France,FRA,Fencing
People's Republic of China,CHN,Fencing
Turkey,TUR,Fencing
Czech Republic,CZE,Fencing
Egypt,EGY,Fencing
Republic of Korea,KOR,Fencing
"Hong Kong, China",HKG,Fencing
Japan,JPN,Fencing
Uzbekistan,UZB,Fencing
ROC,ROC,Fencing
Great Britain,GBR,Fencing
Azerbaijan,AZE,Fencing
Brazil,BRA,Fencing
Peru,PER,Fencing
Romania,ROU,Fencing
Algeria,ALG,Fencing
Germany,GER,Fencing
Chile,CHI,Fencing
Italy,ITA,Fencing
Morocco,MAR,Fencing
Greece,GRE,Fencing
Netherlands,NED,Fencing
Spain,ESP,Fencing
Colombia,COL,Fencing
Venezuela,VEN,Fencing
Singapore,SGP,Fencing
Canada,CAN,Fencing
Argentina,ARG,Fencing
Kyrgyzstan,KGZ,Fencing
Kazakhstan,KAZ,Fencing
Mexico,MEX,Fencing
United States of America,USA,Fencing
Islamic Republic of Iran,IRI,Fencing
India,IND,Fencing
Senegal,SEN,Fencing
New Zealand,NZL,Football
Germany,GER,Football
Romania,ROU,Football
Australia,AUS,Football
Sweden,SWE,Football
France,FRA,Football
Netherlands,NED,Football
Canada,CAN,Football
Brazil,BRA,Football
Côte d'Ivoire,CIV,Football
Republic of Korea,KOR,Football
United States of America,USA,Football
Spain,ESP,Football
Chile,CHI,Football
Egypt,EGY,Football
Honduras,HON,Football
Great Britain,GBR,Football
People's Republic of China,CHN,Football
Argentina,ARG,Football
Saudi Arabia,KSA,Football
South Africa,RSA,Football
Zambia,ZAM,Football
Mexico,MEX,Football
Japan,JPN,Football
Chinese Taipei,TPE,Golf
Argentina,ARG,Golf
Poland,POL,Golf
Paraguay,PAR,Golf
Canada,CAN,Golf
Switzerland,SUI,Golf
Mexico,MEX,Golf
Spain,ESP,Golf
Czech Republic,CZE,Golf
New Zealand,NZL,Golf
Slovenia,SLO,Golf
Republic of Korea,KOR,Golf
Italy,ITA,Golf
France,FRA,Golf
Norway,NOR,Golf
Morocco,MAR,Golf
Japan,JPN,Golf
Great Britain,GBR,Golf
Thailand,THA,Golf
"Hong Kong, China",HKG,Golf
Germany,GER,Golf
Australia,AUS,Golf
Malaysia,MAS,Golf
Slovakia,SVK,Golf
Chile,CHI,Golf
Finland,FIN,Golf
Netherlands,NED,Golf
United States of America,USA,Golf
Belgium,BEL,Golf
Sweden,SWE,Golf
People's Republic of China,CHN,Golf
Puerto Rico,PUR,Golf
Philippines,PHI,Golf
Ireland,IRL,Golf
Austria,AUT,Golf
Ecuador,ECU,Golf
Denmark,DEN,Golf
Zimbabwe,ZIM,Golf
South Africa,RSA,Golf
India,IND,Golf
Colombia,COL,Golf
Venezuela,VEN,Golf
Montenegro,MNE,Handball
Japan,JPN,Handball
Sweden,SWE,Handball
Egypt,EGY,Handball
Spain,ESP,Handball
Argentina,ARG,Handball
Portugal,POR,Handball
Angola,ANG,Handball
Denmark,DEN,Handball
Republic of Korea,KOR,Handball
Germany,GER,Handball
Bahrain,BRN,Handball
Brazil,BRA,Handball
France,FRA,Handball
ROC,ROC,Handball
Norway,NOR,Handball
Netherlands,NED,Handball
Hungary,HUN,Handball
Japan,JPN,Hockey
Great Britain,GBR,Hockey
Canada,CAN,Hockey
Ireland,IRL,Hockey
South Africa,RSA,Hockey
Argentina,ARG,Hockey
Netherlands,NED,Hockey
Belgium,BEL,Hockey
People's Republic of China,CHN,Hockey
New Zealand,NZL,Hockey
Australia,AUS,Hockey
Germany,GER,Hockey
India,IND,Hockey
Spain,ESP,Hockey
Guinea-Bissau,GBS,Judo
Colombia,COL,Judo
Venezuela,VEN,Judo
Croatia,CRO,Judo
Algeria,ALG,Judo
Belgium,BEL,Judo
Switzerland,SUI,Judo
Ecuador,ECU,Judo
Guam,GUM,Judo
Slovenia,SLO,Judo
Greece,GRE,Judo
Egypt,EGY,Judo
Brazil,BRA,Judo
Jamaica,JAM,Judo
Chile,CHI,Judo
Bosnia and Herzegovina,BIH,Judo
EOR,EOR,Judo
Guatemala,GUA,Judo
Australia,AUS,Judo
Benin,BEN,Judo
North Macedonia,MKD,Judo
Madagascar,MAD,Judo
Uzbekistan,UZB,Judo
Mongolia,MGL,Judo
United Arab Emirates,UAE,Judo
Sri Lanka,SRI,Judo
Tajikistan,TJK,Judo
Gambia,GAM,Judo
Vietnam,VIE,Judo
Czech Republic,CZE,Judo
Lao People's Democratic Republic,LAO,Judo
Poland,POL,Judo
Germany,GER,Judo
Montenegro,MNE,Judo
People's Republic of China,CHN,Judo
Kazakhstan,KAZ,Judo
United States of America,USA,Judo
Dominican Republic,DOM,Judo
Ireland,IRL,Judo
Samoa (until 1996 Western Samoa),SAM,Judo
India,IND,Judo
Republic of Korea,KOR,Judo
Jordan,JOR,Judo
Turkey,TUR,Judo
Seychelles,SEY,Judo
Guinea,GUI,Judo
Azerbaijan,AZE,Judo
Democratic Republic of the Congo,COD,Judo
Mauritius,MRI,Judo
Chinese Taipei,TPE,Judo
San Marino,SMR,Judo
Ghana,GHA,Judo
Mozambique,MOZ,Judo
Trinidad and Tobago,TTO,Judo
Qatar,QAT,Judo
Malawi,MAW,Judo
Italy,ITA,Judo
Denmark,DEN,Judo
Libya,LBA,Judo
Argentina,ARG,Judo
Mexico,MEX,Judo
Austria,AUT,Judo
Thailand,THA,Judo
Israel,ISR,Judo
Kosovo,KOS,Judo
Philippines,PHI,Judo
Yemen,YEM,Judo
Peru,PER,Judo
Sudan,SUD,Judo
Serbia,SRB,Judo
Latvia,LAT,Judo
Turkmenistan,TKM,Judo
South Africa,RSA,Judo
ROC,ROC,Judo
LBN,LBN,Judo
Puerto Rico,PUR,Judo
Bulgaria,BUL,Judo
Japan,JPN,Judo
Nepal,NEP,Judo
Liechtenstein,LIE,Judo
Cameroon,CMR,Judo
Chad,CHA,Judo
Zambia,ZAM,Judo
Georgia,GEO,Judo
Panama,PAN,Judo
Fiji,FIJ,Judo
Honduras,HON,Judo
Great Britain,GBR,Judo
Palestine,PLE,Judo
Sierra Leone,SLE,Judo
Canada,CAN,Judo
Romania,ROU,Judo
Niger,NIG,Judo
Costa Rica,CRC,Judo
Netherlands,NED,Judo
Republic of Moldova,MDA,Judo
Angola,ANG,Judo
Djibouti,DJI,Judo
Portugal,POR,Judo
Belarus,BLR,Judo
Estonia,EST,Judo
Spain,ESP,Judo
Sweden,SWE,Judo
Hungary,HUN,Judo
Albania,ALB,Judo
Morocco,MAR,Judo
Côte d'Ivoire,CIV,Judo
Pakistan,PAK,Judo
Uruguay,URU,Judo
Monaco,MON,Judo
Lithuania,LTU,Judo
Vanuatu,VAN,Judo
Bhutan,BHU,Judo
Kyrgyzstan,KGZ,Judo
Gabon,GAB,Judo
France,FRA,Judo
Senegal,SEN,Judo
Cape Verde,CPV,Judo
Armenia,ARM,Judo
Nicaragua,NCA,Judo
Kiribati,KIR,Judo
Haiti,HAI,Judo
Comoros,COM,Judo
Cuba,CUB,Judo
Saudi Arabia,KSA,Judo
Tunisia,TUN,Judo
Ukraine,UKR,Judo
Burkina Faso,BUR,Judo
Saudi Arabia,KSA,Karate
Italy,ITA,Karate
Croatia,CRO,Karate
Australia,AUS,Karate
Peru,PER,Karate
EOR,EOR,Karate
New Zealand,NZL,Karate
Austria,AUT,Karate
"Hong Kong, China",HKG,Karate
United States of America,USA,Karate
Germany,GER,Karate
Islamic Republic of Iran,IRI,Karate
France,FRA,Karate
Japan,JPN,Karate
Georgia,GEO,Karate
Jordan,JOR,Karate
Azerbaijan,AZE,Karate
Venezuela,VEN,Karate
Turkey,TUR,Karate
Ukraine,UKR,Karate
Republic of Korea,KOR,Karate
Algeria,ALG,Karate
Kazakhstan,KAZ,Karate
Morocco,MAR,Karate
Serbia,SRB,Karate
Latvia,LAT,Karate
Kuwait,KUW,Karate
Egypt,EGY,Karate
Spain,ESP,Karate
Hungary,HUN,Karate
Chinese Taipei,TPE,Karate
Switzerland,SUI,Karate
North Macedonia,MKD,Karate
Canada,CAN,Karate
Bulgaria,BUL,Karate
People's Republic of China,CHN,Karate
Tunisia,TUN,Marathon Swimming
Algeria,ALG,Marathon Swimming
"Hong Kong, China",HKG,Marathon Swimming
Argentina,ARG,Marathon Swimming
Brazil,BRA,Marathon Swimming
Venezuela,VEN,Marathon Swimming
Canada,CAN,Marathon Swimming
Great Britain,GBR,Marathon Swimming
Singapore,SGP,Marathon Swimming
Ecuador,ECU,Marathon Swimming
ROC,ROC,Marathon Swimming
Japan,JPN,Marathon Swimming
Kazakhstan,KAZ,Marathon Swimming
Slovenia,SLO,Marathon Swimming
Israel,ISR,Marathon Swimming
Portugal,POR,Marathon Swimming
France,FRA,Marathon Swimming
Australia,AUS,Marathon Swimming
United States of America,USA,Marathon Swimming
Netherlands,NED,Marathon Swimming
Namibia,NAM,Marathon Swimming
Greece,GRE,Marathon Swimming
Spain,ESP,Marathon Swimming
People's Republic of China,CHN,Marathon Swimming
Germany,GER,Marathon Swimming
Czech Republic,CZE,Marathon Swimming
Ukraine,UKR,Marathon Swimming
Mexico,MEX,Marathon Swimming
Italy,ITA,Marathon Swimming
South Africa,RSA,Marathon Swimming
Hungary,HUN,Marathon Swimming
Kazakhstan,KAZ,Modern Pentathlon
Belarus,BLR,Modern Pentathlon
Guatemala,GUA,Modern Pentathlon
Brazil,BRA,Modern Pentathlon
Czech Republic,CZE,Modern Pentathlon
Poland,POL,Modern Pentathlon
Japan,JPN,Modern Pentathlon
Austria,AUT,Modern Pentathlon
Republic of Korea,KOR,Modern Pentathlon
Hungary,HUN,Modern Pentathlon
Lithuania,LTU,Modern Pentathlon
Italy,ITA,Modern Pentathlon
Spain,ESP,Modern Pentathlon
People's Republic of China,CHN,Modern Pentathlon
Germany,GER,Modern Pentathlon
Latvia,LAT,Modern Pentathlon
Mexico,MEX,Modern Pentathlon
Australia,AUS,Modern Pentathlon
Ecuador,ECU,Modern Pentathlon
Ukraine,UKR,Modern Pentathlon
United States of America,USA,Modern Pentathlon
Cuba,CUB,Modern Pentathlon
Uzbekistan,UZB,Modern Pentathlon
Chile,CHI,Modern Pentathlon
France,FRA,Modern Pentathlon
Great Britain,GBR,Modern Pentathlon
ROC,ROC,Modern Pentathlon
Egypt,EGY,Modern Pentathlon
Argentina,ARG,Modern Pentathlon
Mexico,MEX,Rhythmic Gymnastics
Georgia,GEO,Rhythmic Gymnastics
Brazil,BRA,Rhythmic Gymnastics
Ukraine,UKR,Rhythmic Gymnastics
Egypt,EGY,Rhythmic Gymnastics
Australia,AUS,Rhythmic Gymnastics
Italy,ITA,Rhythmic Gymnastics
Kazakhstan,KAZ,Rhythmic Gymnastics
Bulgaria,BUL,Rhythmic Gymnastics
Uzbekistan,UZB,Rhythmic Gymnastics
Japan,JPN,Rhythmic Gymnastics
Azerbaijan,AZE,Rhythmic Gymnastics
People's Republic of China,CHN,Rhythmic Gymnastics
ROC,ROC,Rhythmic Gymnastics
Israel,ISR,Rhythmic Gymnastics
Belarus,BLR,Rhythmic Gymnastics
Cape Verde,CPV,Rhythmic Gymnastics
Slovenia,SLO,Rhythmic Gymnastics
Hungary,HUN,Rhythmic Gymnastics
United States of America,USA,Rhythmic Gymnastics
Great Britain,GBR,Rowing
Mexico,MEX,Rowing
Greece,GRE,Rowing
Turkey,TUR,Rowing
Nigeria,NGR,Rowing
Cuba,CUB,Rowing
Saudi Arabia,KSA,Rowing
Bermuda,BER,Rowing
Puerto Rico,PUR,Rowing
Chile,CHI,Rowing
Peru,PER,Rowing
United States of America,USA,Rowing
Libya,LBA,Rowing
Canada,CAN,Rowing
Brazil,BRA,Rowing
Serbia,SRB,Rowing
Nicaragua,NCA,Rowing
Switzerland,SUI,Rowing
Kuwait,KUW,Rowing
Kazakhstan,KAZ,Rowing
Côte d'Ivoire,CIV,Rowing
Thailand,THA,Rowing
France,FRA,Rowing
Paraguay,PAR,Rowing
Namibia,NAM,Rowing
Vietnam,VIE,Rowing
Venezuela,VEN,Rowing
Lithuania,LTU,Rowing
Vanuatu,VAN,Rowing
Australia,AUS,Rowing
Belgium,BEL,Rowing
Trinidad and Tobago,TTO,Rowing
New Zealand,NZL,Rowing
Sweden,SWE,Rowing
Philippines,PHI,Rowing
India,IND,Rowing
Czech Republic,CZE,Rowing
Qatar,QAT,Rowing
Argentina,ARG,Rowing
Uganda,UGA,Rowing
People's Republic of China,CHN,Rowing
Italy,ITA,Rowing
Republic of Korea,KOR,Rowing
Netherlands,NED,Rowing
Sudan,SUD,Rowing
Uzbekistan,UZB,Rowing
Poland,POL,Rowing
Egypt,EGY,Rowing
Belarus,BLR,Rowing
Islamic Republic of Iran,IRI,Rowing
ROC,ROC,Rowing
Uruguay,URU,Rowing
Chinese Taipei,TPE,Rowing
Denmark,DEN,Rowing
Germany,GER,Rowing
Norway,NOR,Rowing
Iraq,IRQ,Rowing
Morocco,MAR,Rowing
Japan,JPN,Rowing
Estonia,EST,Rowing
Austria,AUT,Rowing
Tunisia,TUN,Rowing
South Africa,RSA,Rowing
Dominican Republic,DOM,Rowing
Monaco,MON,Rowing
Benin,BEN,Rowing
Indonesia,INA,Rowing
Ireland,IRL,Rowing
Zimbabwe,ZIM,Rowing
Romania,ROU,Rowing
Togo,TOG,Rowing
Croatia,CRO,Rowing
Singapore,SGP,Rowing
Portugal,POR,Rowing
"Hong Kong, China",HKG,Rowing
Ukraine,UKR,Rowing
Spain,ESP,Rowing
Algeria,ALG,Rowing
Guatemala,GUA,Rowing
South Africa,RSA,Rugby Sevens
United States of America,USA,Rugby Sevens
Kenya,KEN,Rugby Sevens
Fiji,FIJ,Rugby Sevens
Ireland,IRL,Rugby Sevens
Argentina,ARG,Rugby Sevens
Japan,JPN,Rugby Sevens
France,FRA,Rugby Sevens
New Zealand,NZL,Rugby Sevens
Great Britain,GBR,Rugby Sevens
ROC,ROC,Rugby Sevens
Republic of Korea,KOR,Rugby Sevens
Brazil,BRA,Rugby Sevens
Canada,CAN,Rugby Sevens
People's Republic of China,CHN,Rugby Sevens
Australia,AUS,Rugby Sevens
Germany,GER,Sailing
Denmark,DEN,Sailing
South Africa,RSA,Sailing
Switzerland,SUI,Sailing
Chile,CHI,Sailing
Australia,AUS,Sailing
Angola,ANG,Sailing
El Salvador,ESA,Sailing
American Samoa,ASA,Sailing
Peru,PER,Sailing
Uruguay,URU,Sailing
Portugal,POR,Sailing
Turkey,TUR,Sailing
Hungary,HUN,Sailing
Venezuela,VEN,Sailing
Malaysia,MAS,Sailing
Mexico,MEX,Sailing
Sweden,SWE,Sailing
Algeria,ALG,Sailing
Fiji,FIJ,Sailing
Japan,JPN,Sailing
Canada,CAN,Sailing
"Hong Kong, China",HKG,Sailing
Montenegro,MNE,Sailing
Great Britain,GBR,Sailing
Papua New Guinea,PNG,Sailing
Singapore,SGP,Sailing
India,IND,Sailing
Tunisia,TUN,Sailing
Lithuania,LTU,Sailing
Belgium,BEL,Sailing
Netherlands,NED,Sailing
United States of America,USA,Sailing
Austria,AUT,Sailing
Estonia,EST,Sailing
Finland,FIN,Sailing
Spain,ESP,Sailing
Israel,ISR,Sailing
Guatemala,GUA,Sailing
Thailand,THA,Sailing
Samoa (until 1996 Western Samoa),SAM,Sailing
France,FRA,Sailing
Italy,ITA,Sailing
Belarus,BLR,Sailing
Egypt,EGY,Sailing
Cyprus,CYP,Sailing
Trinidad and Tobago,TTO,Sailing
Republic of Korea,KOR,Sailing
Slovenia,SLO,Sailing
Ireland,IRL,Sailing
People's Republic of China,CHN,Sailing
ROC,ROC,Sailing
Argentina,ARG,Sailing
Greece,GRE,Sailing
Norway,NOR,Sailing
Mozambique,MOZ,Sailing
Croatia,CRO,Sailing
Poland,POL,Sailing
Puerto Rico,PUR,Sailing
New Zealand,NZL,Sailing
Seychelles,SEY,Sailing
Saint Lucia,LCA,Sailing
Antigua and Barbuda,ANT,Sailing
Brazil,BRA,Sailing
Czech Republic,CZE,Sailing
Venezuela,VEN,Shooting
Cuba,CUB,Shooting
Hungary,HUN,Shooting
Philippines,PHI,Shooting
EOR,EOR,Shooting
Belarus,BLR,Shooting
Thailand,THA,Shooting
Algeria,ALG,Shooting
Canada,CAN,Shooting
Romania,ROU,Shooting
Peru,PER,Shooting
Austria,AUT,Shooting
Kyrgyzstan,KGZ,Shooting
Saudi Arabia,KSA,Shooting
Singapore,SGP,Shooting
Finland,FIN,Shooting
Jordan,JOR,Shooting
Tunisia,TUN,Shooting
Switzerland,SUI,Shooting
Belgium,BEL,Shooting
Kazakhstan,KAZ,Shooting
Armenia,ARM,Shooting
Colombia,COL,Shooting
Morocco,MAR,Shooting
Azerbaijan,AZE,Shooting
Uzbekistan,UZB,Shooting
People's Republic of China,CHN,Shooting
Ukraine,UKR,Shooting
Yemen,YEM,Shooting
Puerto Rico,PUR,Shooting
Greece,GRE,Shooting
Malta,MLT,Shooting
United Arab Emirates,UAE,Shooting
Cyprus,CYP,Shooting
San Marino,SMR,Shooting
Egypt,EGY,Shooting
Kosovo,KOS,Shooting
India,IND,Shooting
United States of America,USA,Shooting
Estonia,EST,Shooting
Lithuania,LTU,Shooting
Republic of Moldova,MDA,Shooting
Croatia,CRO,Shooting
Norway,NOR,Shooting
Afghanistan,AFG,Shooting
Slovakia,SVK,Shooting
Latvia,LAT,Shooting
Chinese Taipei,TPE,Shooting
Poland,POL,Shooting
Ireland,IRL,Shooting
Israel,ISR,Shooting
Bosnia and Herzegovina,BIH,Shooting
Pakistan,PAK,Shooting
New Zealand,NZL,Shooting
LBN,LBN,Shooting
Myanmar,MYA,Shooting
Ecuador,ECU,Shooting
Guatemala,GUA,Shooting
Slovenia,SLO,Shooting
Argentina,ARG,Shooting
Spain,ESP,Shooting
Bangladesh,BAN,Shooting
Republic of Korea,KOR,Shooting
Kuwait,KUW,Shooting
Islamic Republic of Iran,IRI,Shooting
Turkey,TUR,Shooting
Oman,OMA,Shooting
Mongolia,MGL,Shooting
Nepal,NEP,Shooting
Montenegro,MNE,Shooting
Italy,ITA,Shooting
Aruba,ARU,Shooting
Nicaragua,NCA,Shooting
Qatar,QAT,Shooting
Sri Lanka,SRI,Shooting
Portugal,POR,Shooting
North Macedonia,MKD,Shooting
Mexico,MEX,Shooting
Albania,ALB,Shooting
Sweden,SWE,Shooting
Iraq,IRQ,Shooting
Denmark,DEN,Shooting
Brazil,BRA,Shooting
Serbia,SRB,Shooting
France,FRA,Shooting
Bahrain,BRN,Shooting
Germany,GER,Shooting
Japan,JPN,Shooting
ROC,ROC,Shooting
Vietnam,VIE,Shooting
Malaysia,MAS,Shooting
Georgia,GEO,Shooting
Czech Republic,CZE,Shooting
Bhutan,BHU,Shooting
Chile,CHI,Shooting
Senegal,SEN,Shooting
Great Britain,GBR,Shooting
Australia,AUS,Shooting
Bulgaria,BUL,Shooting
Iceland,ISL,Shooting
Germany,GER,Skateboarding
Finland,FIN,Skateboarding
France,FRA,Skateboarding
Canada,CAN,Skateboarding
Spain,ESP,Skateboarding
Australia,AUS,Skateboarding
Poland,POL,Skateboarding
People's Republic of China,CHN,Skateboarding
Italy,ITA,Skateboarding
Netherlands,NED,Skateboarding
South Africa,RSA,Skateboarding
Puerto Rico,PUR,Skateboarding
Belgium,BEL,Skateboarding
Portugal,POR,Skateboarding
Brazil,BRA,Skateboarding
Colombia,COL,Skateboarding
Chile,CHI,Skateboarding
Sweden,SWE,Skateboarding
United States of America,USA,Skateboarding
Philippines,PHI,Skateboarding
Denmark,DEN,Skateboarding
Japan,JPN,Skateboarding
Austria,AUT,Skateboarding
Great Britain,GBR,Skateboarding
Great Britain,GBR,Sport Climbing
Japan,JPN,Sport Climbing
Austria,AUT,Sport Climbing
Canada,CAN,Sport Climbing
Republic of Korea,KOR,Sport Climbing
People's Republic of China,CHN,Sport Climbing
Germany,GER,Sport Climbing
Italy,ITA,Sport Climbing
United States of America,USA,Sport Climbing
ROC,ROC,Sport Climbing
France,FRA,Sport Climbing
Czech Republic,CZE,Sport Climbing
Slovenia,SLO,Sport Climbing
Australia,AUS,Sport Climbing
Switzerland,SUI,Sport Climbing
South Africa,RSA,Sport Climbing
Spain,ESP,Sport Climbing
Poland,POL,Sport Climbing
Israel,ISR,Surfing
Italy,ITA,Surfing
Brazil,BRA,Surfing
Australia,AUS,Surfing
Japan,JPN,Surfing
Indonesia,INA,Surfing
Germany,GER,Surfing
United States of America,USA,Surfing
Argentina,ARG,Surfing
Morocco,MAR,Surfing
New Zealand,NZL,Surfing
Portugal,POR,Surfing
Chile,CHI,Surfing
Peru,PER,Surfing
Ecuador,ECU,Surfing
Costa Rica,CRC,Surfing
South Africa,RSA,Surfing
France,FRA,Surfing
Uganda,UGA,Swimming
Sudan,SUD,Swimming
Yemen,YEM,Swimming
El Salvador,ESA,Swimming
Jordan,JOR,Swimming
Nepal,NEP,Swimming
Ethiopia,ETH,Swimming
Central African Republic,CAF,Swimming
Congo,CGO,Swimming
Bosnia and Herzegovina,BIH,Swimming
Kenya,KEN,Swimming
Republic of Moldova,MDA,Swimming
Slovakia,SVK,Swimming
Rwanda,RWA,Swimming
India,IND,Swimming
Fiji,FIJ,Swimming
Vietnam,VIE,Swimming
Brunei Darussalam,BRU,Swimming
Bahrain,BRN,Swimming
Bangladesh,BAN,Swimming
People's Republic of China,CHN,Swimming
Madagascar,MAD,Swimming
Singapore,SGP,Swimming
Nigeria,NGR,Swimming
Senegal,SEN,Swimming
Togo,TOG,Swimming
Burkina Faso,BUR,Swimming
Aruba,ARU,Swimming
"Virgin Islands, British",IVB,Swimming
Palestine,PLE,Swimming
Malaysia,MAS,Swimming
Kyrgyzstan,KGZ,Swimming
Oman,OMA,Swimming
Indonesia,INA,Swimming
Federated States of Micronesia,FSM,Swimming
Niger,NIG,Swimming
Azerbaijan,AZE,Swimming
Zambia,ZAM,Swimming
San Marino,SMR,Swimming
EOR,EOR,Swimming
Guatemala,GUA,Swimming
Sri Lanka,SRI,Swimming
American Samoa,ASA,Swimming
Papua New Guinea,PNG,Swimming
Mozambique,MOZ,Swimming
Suriname,SUR,Swimming
Bhutan,BHU,Swimming
Côte d'Ivoire,CIV,Swimming
Paraguay,PAR,Swimming
Qatar,QAT,Swimming
Iceland,ISL,Swimming
Algeria,ALG,Swimming
Egypt,EGY,Swimming
Nicaragua,NCA,Swimming
Brazil,BRA,Swimming
Canada,CAN,Swimming
Guam,GUM,Swimming
Venezuela,VEN,Swimming
Luxembourg,LUX,Swimming
Thailand,THA,Swimming
Serbia,SRB,Swimming
United Arab Emirates,UAE,Swimming
Equatorial Guinea,GEQ,Swimming
Cameroon,CMR,Swimming
Croatia,CRO,Swimming
Barbados,BAR,Swimming
Estonia,EST,Swimming
Antigua and Barbuda,ANT,Swimming
Italy,ITA,Swimming
Cape Verde,CPV,Swimming
Germany,GER,Swimming
Finland,FIN,Swimming
Turkey,TUR,Swimming
Saudi Arabia,KSA,Swimming
Ireland,IRL,Swimming
Jamaica,JAM,Swimming
Gambia,GAM,Swimming
Haiti,HAI,Swimming
France,FRA,Swimming
"Hong Kong, China",HKG,Swimming
Angola,ANG,Swimming
Austria,AUT,Swimming
Malawi,MAW,Swimming
Lao People's Democratic Republic,LAO,Swimming
Gabon,GAB,Swimming
Honduras,HON,Swimming
Poland,POL,Swimming
Philippines,PHI,Swimming
Ukraine,UKR,Swimming
Sweden,SWE,Swimming
Romania,ROU,Swimming
Latvia,LAT,Swimming
New Zealand,NZL,Swimming
Ghana,GHA,Swimming
Tajikistan,TJK,Swimming
Solomon Islands,SOL,Swimming
Georgia,GEO,Swimming
Maldives,MDV,Swimming
Norway,NOR,Swimming
Colombia,COL,Swimming
Chinese Taipei,TPE,Swimming
Morocco,MAR,Swimming
Panama,PAN,Swimming
Greece,GRE,Swimming
Costa Rica,CRC,Swimming
Cambodia,CAM,Swimming
Puerto Rico,PUR,Swimming
Libya,LBA,Swimming
Liechtenstein,LIE,Swimming
Chile,CHI,Swimming
Tunisia,TUN,Swimming
Burundi,BDI,Swimming
Cuba,CUB,Swimming
Djibouti,DJI,Swimming
Portugal,POR,Swimming
Sierra Leone,SLE,Swimming
Monaco,MON,Swimming
Armenia,ARM,Swimming
LBN,LBN,Swimming
Hungary,HUN,Swimming
Kuwait,KUW,Swimming
Dominican Republic,DOM,Swimming
Eswatini,SWZ,Swimming
Tonga,TGA,Swimming
Israel,ISR,Swimming
Peru,PER,Swimming
St Vincent and the Grenadines,VIN,Swimming
Switzerland,SUI,Swimming
Bahamas,BAH,Swimming
Ecuador,ECU,Swimming
Mongolia,MGL,Swimming
Benin,BEN,Swimming
Argentina,ARG,Swimming
Eritrea,ERI,Swimming
Spain,ESP,Swimming
Marshall Islands,MHL,Swimming
Botswana,BOT,Swimming
Denmark,DEN,Swimming
Bolivia,BOL,Swimming
Uruguay,URU,Swimming
Guyana,GUY,Swimming
Seychelles,SEY,Swimming
Belgium,BEL,Swimming
Czech Republic,CZE,Swimming
Cook Islands,COK,Swimming
Guinea,GUI,Swimming
Grenada,GRN,Swimming
Kazakhstan,KAZ,Swimming
Timor-Leste,TLS,Swimming
Netherlands,NED,Swimming
Islamic Republic of Iran,IRI,Swimming
Australia,AUS,Swimming
Bulgaria,BUL,Swimming
Cayman Islands,CAY,Swimming
Palau,PLW,Swimming
Turkmenistan,TKM,Swimming
Slovenia,SLO,Swimming
Montenegro,MNE,Swimming
Albania,ALB,Swimming
Afghanistan,AFG,Swimming
Lithuania,LTU,Swimming
Uzbekistan,UZB,Swimming
Belarus,BLR,Swimming
Mali,MLI,Swimming
Trinidad and Tobago,TTO,Swimming
Kosovo,KOS,Swimming
Pakistan,PAK,Swimming
Republic of Korea,KOR,Swimming
United States of America,USA,Swimming
ROC,ROC,Swimming
Mauritius,MRI,Swimming
Great Britain,GBR,Swimming
Zimbabwe,ZIM,Swimming
Saint Lucia,LCA,Swimming
"Virgin Islands, US",ISV,Swimming
North Macedonia,MKD,Swimming
South Africa,RSA,Swimming
Syrian Arab Republic,SYR,Swimming
Japan,JPN,Swimming
Cyprus,CYP,Swimming
Mexico,MEX,Swimming
Malta,MLT,Swimming
Guyana,GUY,Table Tennis
Australia,AUS,Table Tennis
Netherlands,NED,Table Tennis
Tunisia,TUN,Table Tennis
Japan,JPN,Table Tennis
Cameroon,CMR,Table Tennis
Monaco,MON,Table Tennis
Slovakia,SVK,Table Tennis
Vanuatu,VAN,Table Tennis
Togo,TOG,Table Tennis
Ukraine,UKR,Table Tennis
Bulgaria,BUL,Table Tennis
Islamic Republic of Iran,IRI,Table Tennis
Greece,GRE,Table Tennis
Croatia,CRO,Table Tennis
Thailand,THA,Table Tennis
Algeria,ALG,Table Tennis
Sweden,SWE,Table Tennis
Chinese Taipei,TPE,Table Tennis
Cuba,CUB,Table Tennis
People's Republic of China,CHN,Table Tennis
Poland,POL,Table Tennis
Denmark,DEN,Table Tennis
Austria,AUT,Table Tennis
Hungary,HUN,Table Tennis
Chile,CHI,Table Tennis
Egypt,EGY,Table Tennis
Argentina,ARG,Table Tennis
Spain,ESP,Table Tennis
Kazakhstan,KAZ,Table Tennis
Ecuador,ECU,Table Tennis
Nigeria,NGR,Table Tennis
France,FRA,Table Tennis
Italy,ITA,Table Tennis
Republic of Korea,KOR,Table Tennis
Germany,GER,Table Tennis
Slovenia,SLO,Table Tennis
ROC,ROC,Table Tennis
United States of America,USA,Table Tennis
Luxembourg,LUX,Table Tennis
Mongolia,MGL,Table Tennis
Serbia,SRB,Table Tennis
Puerto Rico,PUR,Table Tennis
Czech Republic,CZE,Table Tennis
Portugal,POR,Table Tennis
Brazil,BRA,Table Tennis
Fiji,FIJ,Table Tennis
Senegal,SEN,Table Tennis
"Hong Kong, China",HKG,Table Tennis
Saudi Arabia,KSA,Table Tennis
Syrian Arab Republic,SYR,Table Tennis
India,IND,Table Tennis
Switzerland,SUI,Table Tennis
Singapore,SGP,Table Tennis
Great Britain,GBR,Table Tennis
Romania,ROU,Table Tennis
Canada,CAN,Table Tennis
Uzbekistan,UZB,Taekwondo
Spain,ESP,Taekwondo
Ethiopia,ETH,Taekwondo
Thailand,THA,Taekwondo
Norway,NOR,Taekwondo
Azerbaijan,AZE,Taekwondo
Mexico,MEX,Taekwondo
Morocco,MAR,Taekwondo
Greece,GRE,Taekwondo
Canada,CAN,Taekwondo
Cuba,CUB,Taekwondo
Egypt,EGY,Taekwondo
Vietnam,VIE,Taekwondo
Tonga,TGA,Taekwondo
Germany,GER,Taekwondo
Israel,ISR,Taekwondo
Haiti,HAI,Taekwondo
Mali,MLI,Taekwondo
Niger,NIG,Taekwondo
Burkina Faso,BUR,Taekwondo
Poland,POL,Taekwondo
New Zealand,NZL,Taekwondo
Portugal,POR,Taekwondo
Hungary,HUN,Taekwondo
Serbia,SRB,Taekwondo
France,FRA,Taekwondo
Kazakhstan,KAZ,Taekwondo
Philippines,PHI,Taekwondo
Croatia,CRO,Taekwondo
Brazil,BRA,Taekwondo
People's Republic of China,CHN,Taekwondo
United States of America,USA,Taekwondo
Puerto Rico,PUR,Taekwondo
Great Britain,GBR,Taekwondo
Turkey,TUR,Taekwondo
Japan,JPN,Taekwondo
Australia,AUS,Taekwondo
Bosnia and Herzegovina,BIH,Taekwondo
Nigeria,NGR,Taekwondo
Jordan,JOR,Taekwondo
Democratic Republic of the Congo,COD,Taekwondo
Belgium,BEL,Taekwondo
Islamic Republic of Iran,IRI,Taekwondo
Argentina,ARG,Taekwondo
Chinese Taipei,TPE,Taekwondo
Republic of Korea,KOR,Taekwondo
Ireland,IRL,Taekwondo
Italy,ITA,Taekwondo
Slovenia,SLO,Taekwondo
Afghanistan,AFG,Taekwondo
Colombia,COL,Taekwondo
Tunisia,TUN,Taekwondo
Gabon,GAB,Taekwondo
Kenya,KEN,Taekwondo
Dominican Republic,DOM,Taekwondo
ROC,ROC,Taekwondo
Côte d'Ivoire,CIV,Taekwondo
North Macedonia,MKD,Taekwondo
EOR,EOR,Taekwondo
Honduras,HON,Taekwondo
Estonia,EST,Tennis
Australia,AUS,Tennis
Chile,CHI,Tennis
Italy,ITA,Tennis
Switzerland,SUI,Tennis
Colombia,COL,Tennis
Republic of Korea,KOR,Tennis
Netherlands,NED,Tennis
India,IND,Tennis
Chinese Taipei,TPE,Tennis
Romania,ROU,Tennis
Great Britain,GBR,Tennis
Croatia,CRO,Tennis
Germany,GER,Tennis
New Zealand,NZL,Tennis
Czech Republic,CZE,Tennis
Paraguay,PAR,Tennis
Peru,PER,Tennis
Latvia,LAT,Tennis
Portugal,POR,Tennis
Mexico,MEX,Tennis
Egypt,EGY,Tennis
Belarus,BLR,Tennis
Belgium,BEL,Tennis
Japan,JPN,Tennis
Tunisia,TUN,Tennis
Austria,AUT,Tennis
Greece,GRE,Tennis
United States of America,USA,Tennis
Bolivia,BOL,Tennis
Uzbekistan,UZB,Tennis
Brazil,BRA,Tennis
Slovakia,SVK,Tennis
Canada,CAN,Tennis
ROC,ROC,Tennis
Serbia,SRB,Tennis
Sweden,SWE,Tennis
Georgia,GEO,Tennis
Poland,POL,Tennis
Kazakhstan,KAZ,Tennis
Argentina,ARG,Tennis
People's Republic of China,CHN,Tennis
France,FRA,Tennis
Ukraine,UKR,Tennis
Spain,ESP,Tennis
Portugal,POR,Trampoline Gymnastics
Colombia,COL,Trampoline Gymnastics
France,FRA,Trampoline Gymnastics
United States of America,USA,Trampoline Gymnastics
People's Republic of China,CHN,Trampoline Gymnastics
New Zealand,NZL,Trampoline Gymnastics
Egypt,EGY,Trampoline Gymnastics
Japan,JPN,Trampoline Gymnastics
Great Britain,GBR,Trampoline Gymnastics
Canada,CAN,Trampoline Gymnastics
Ukraine,UKR,Trampoline Gymnastics
Belarus,BLR,Trampoline Gymnastics
Australia,AUS,Trampoline Gymnastics
Mexico,MEX,Trampoline Gymnastics
ROC,ROC,Trampoline Gymnastics
Chile,CHI,Triathlon
France,FRA,Triathlon
Australia,AUS,Triathlon
Portugal,POR,Triathlon
People's Republic of China,CHN,Triathlon
Mexico,MEX,Triathlon
ROC,ROC,Triathlon
United States of America,USA,Triathlon
Argentina,ARG,Triathlon
Ukraine,UKR,Triathlon
Estonia,EST,Triathlon
Czech Republic,CZE,Triathlon
Canada,CAN,Triathlon
Norway,NOR,Triathlon
Japan,JPN,Triathlon
Spain,ESP,Triathlon
Germany,GER,Triathlon
Switzerland,SUI,Triathlon
Great Britain,GBR,Triathlon
Romania,ROU,Triathlon
Bermuda,BER,Triathlon
Italy,ITA,Triathlon
Ireland,IRL,Triathlon
Austria,AUT,Triathlon
Syrian Arab Republic,SYR,Triathlon
Netherlands,NED,Triathlon
Brazil,BRA,Triathlon
New Zealand,NZL,Triathlon
Israel,ISR,Triathlon
Egypt,EGY,Triathlon
Belgium,BEL,Triathlon
"Hong Kong, China",HKG,Triathlon
Morocco,MAR,Triathlon
Azerbaijan,AZE,Triathlon
Hungary,HUN,Triathlon
South Africa,RSA,Triathlon
Ecuador,ECU,Triathlon
Luxembourg,LUX,Triathlon
Kenya,KEN,Volleyball
Poland,POL,Volleyball
ROC,ROC,Volleyball
Dominican Republic,DOM,Volleyball
Serbia,SRB,Volleyball
Turkey,TUR,Volleyball
United States of America,USA,Volleyball
Canada,CAN,Volleyball
Italy,ITA,Volleyball
Islamic Republic of Iran,IRI,Volleyball
Argentina,ARG,Volleyball
France,FRA,Volleyball
Brazil,BRA,Volleyball
Japan,JPN,Volleyball
Republic of Korea,KOR,Volleyball
People's Republic of China,CHN,Volleyball
Tunisia,TUN,Volleyball
Venezuela,VEN,Volleyball
United States of America,USA,Water Polo
People's Republic of China,CHN,Water Polo
Australia,AUS,Water Polo
Montenegro,MNE,Water Polo
Kazakhstan,KAZ,Water Polo
ROC,ROC,Water Polo
Hungary,HUN,Water Polo
Netherlands,NED,Water Polo
Serbia,SRB,Water Polo
Japan,JPN,Water Polo
Greece,GRE,Water Polo
Canada,CAN,Water Polo
Italy,ITA,Water Polo
Spain,ESP,Water Polo
South Africa,RSA,Water Polo
Croatia,CRO,Water Polo
Armenia,ARM,Weightlifting
Chinese Taipei,TPE,Weightlifting
Albania,ALB,Weightlifting
Nauru,NRU,Weightlifting
Spain,ESP,Weightlifting
Brazil,BRA,Weightlifting
American Samoa,ASA,Weightlifting
Chile,CHI,Weightlifting
EOR,EOR,Weightlifting
Kazakhstan,KAZ,Weightlifting
Georgia,GEO,Weightlifting
Kiribati,KIR,Weightlifting
Algeria,ALG,Weightlifting
Madagascar,MAD,Weightlifting
Mexico,MEX,Weightlifting
Turkey,TUR,Weightlifting
Australia,AUS,Weightlifting
Solomon Islands,SOL,Weightlifting
Israel,ISR,Weightlifting
Indonesia,INA,Weightlifting
Netherlands,NED,Weightlifting
Guatemala,GUA,Weightlifting
Germany,GER,Weightlifting
People's Republic of China,CHN,Weightlifting
Nicaragua,NCA,Weightlifting
Japan,JPN,Weightlifting
Bulgaria,BUL,Weightlifting
Malta,MLT,Weightlifting
New Zealand,NZL,Weightlifting
France,FRA,Weightlifting
Canada,CAN,Weightlifting
Tonga,TGA,Weightlifting
Greece,GRE,Weightlifting
Philippines,PHI,Weightlifting
India,IND,Weightlifting
Morocco,MAR,Weightlifting
Pakistan,PAK,Weightlifting
LBN,LBN,Weightlifting
United States of America,USA,Weightlifting
Cameroon,CMR,Weightlifting
Ghana,GHA,Weightlifting
Great Britain,GBR,Weightlifting
Ecuador,ECU,Weightlifting
Poland,POL,Weightlifting
Mongolia,MGL,Weightlifting
Venezuela,VEN,Weightlifting
Latvia,LAT,Weightlifting
Cuba,CUB,Weightlifting
Mauritius,MRI,Weightlifting
Kyrgyzstan,KGZ,Weightlifting
Dominican Republic,DOM,Weightlifting
Papua New Guinea,PNG,Weightlifting
Islamic Republic of Iran,IRI,Weightlifting
Uzbekistan,UZB,Weightlifting
Peru,PER,Weightlifting
Qatar,QAT,Weightlifting
Lithuania,LTU,Weightlifting
Austria,AUT,Weightlifting
Syrian Arab Republic,SYR,Weightlifting
Colombia,COL,Weightlifting
Ukraine,UKR,Weightlifting
Botswana,BOT,Weightlifting
Belgium,BEL,Weightlifting
Republic of Moldova,MDA,Weightlifting
Oman,OMA,Weightlifting
Saudi Arabia,KSA,Weightlifting
Sweden,SWE,Weightlifting
Hungary,HUN,Weightlifting
Palestine,PLE,Weightlifting
Republic of Korea,KOR,Weightlifting
Belarus,BLR,Weightlifting
Italy,ITA,Weightlifting
Turkmenistan,TKM,Weightlifting
Czech Republic,CZE,Weightlifting
Tunisia,TUN,Weightlifting
ROC,ROC,Weightlifting
Vietnam,VIE,Weightlifting
Azerbaijan,AZE,Wrestling
Egypt,EGY,Wrestling
Guinea,GUI,Wrestling
Cuba,CUB,Wrestling
Mexico,MEX,Wrestling
Sweden,SWE,Wrestling
North Macedonia,MKD,Wrestling
Brazil,BRA,Wrestling
Georgia,GEO,Wrestling
Puerto Rico,PUR,Wrestling
Islamic Republic of Iran,IRI,Wrestling
Latvia,LAT,Wrestling
Armenia,ARM,Wrestling
Romania,ROU,Wrestling
Colombia,COL,Wrestling
Bulgaria,BUL,Wrestling
Croatia,CRO,Wrestling
Czech Republic,CZE,Wrestling
Belarus,BLR,Wrestling
Guinea-Bissau,GBS,Wrestling
India,IND,Wrestling
Republic of Korea,KOR,Wrestling
Slovakia,SVK,Wrestling
Lithuania,LTU,Wrestling
Estonia,EST,Wrestling
Hungary,HUN,Wrestling
Peru,PER,Wrestling
Finland,FIN,Wrestling
France,FRA,Wrestling
San Marino,SMR,Wrestling
Guam,GUM,Wrestling
Poland,POL,Wrestling
EOR,EOR,Wrestling
Kyrgyzstan,KGZ,Wrestling
Denmark,DEN,Wrestling
Uzbekistan,UZB,Wrestling
Italy,ITA,Wrestling
ROC,ROC,Wrestling
Republic of Moldova,MDA,Wrestling
Tunisia,TUN,Wrestling
Chile,CHI,Wrestling
Germany,GER,Wrestling
Algeria,ALG,Wrestling
Kosovo,KOS,Wrestling
Turkey,TUR,Wrestling
United States of America,USA,Wrestling
Ukraine,UKR,Wrestling
Nigeria,NGR,Wrestling
Serbia,SRB,Wrestling
Mongolia,MGL,Wrestling
People's Republic of China,CHN,Wrestling
Argentina,ARG,Wrestling
Canada,CAN,Wrestling
Senegal,SEN,Wrestling
Switzerland,SUI,Wrestling
Japan,JPN,Wrestling
Kazakhstan,KAZ,Wrestling
Morocco,MAR,Wrestling
Greece,GRE,Wrestling
Ecuador,ECU,Wrestling
Cameroon,CMR,Wrestling
Romania,ROU,
Pakistan,PAK,
Germany,GER,
Ghana,GHA,
Mexico,MEX,
Bahrain,BRN,
Switzerland,SUI,
France,FRA,
Turkey,TUR,
New Zealand,NZL,
Morocco,MAR,
Australia,AUS,
South Africa,RSA,
Peru,PER,
Ireland,IRL,
Poland,POL,
Cyprus,CYP,
Canada,CAN,
Croatia,CRO,
Italy,ITA,
Great Britain,GBR,
Japan,JPN,
Kazakhstan,KAZ,
Republic of Korea,KOR,
Guam,GUM,
Côte d'Ivoire,CIV,
Chile,CHI,
United States of America,USA,
Denmark,DEN,
Qatar,QAT,
Netherlands,NED,
Iceland,ISL,
Ukraine,UKR,
India,IND,
ROC,ROC,
Greece,GRE,
"Hong Kong, China",HKG,
People's Republic of China,CHN,
Costa Rica,CRC,
Austria,AUT,
Colombia,COL,
Thailand,THA,
Hungary,HUN,
Spain,ESP,
Indonesia,INA,
Israel,ISR,
Brazil,BRA,
Belarus,BLR,
Democratic Republic of the Congo,COD,
